{
  "name": "ai-kanban-flow",
  "private": true,
  "version": "0.0.0",
  "type": "module",
  "scripts": {
    "dev": "vite",
    "build": "vite build",
    "preview": "vite preview"
  },
  "dependencies": {
    "@google/genai": "^1.30.0",
    "firebase": "^12.6.0",
    "lucide-react": "^0.554.0",
    "react": "^19.2.0",
    "react-dom": "^19.2.0"
  },
  "devDependencies": {
    "@types/node": "^22.14.0",
    "@vitejs/plugin-react": "^5.0.0",
    "typescript": "~5.8.2",
    "vite": "^6.2.0"
  }
}
