{
  "name": "ai-kanban-flow",
  "version": "0.0.0",
  "lockfileVersion": 3,
  "requires": true,
  "packages": {
    "": {
      "name": "ai-kanban-flow",
      "version": "0.0.0",
      "dependencies": {
        "@google/genai": "^1.30.0",
        "firebase": "^12.6.0",
        "lucide-react": "^0.554.0",
        "react": "^19.2.0",
        "react-dom": "^19.2.0"
      },
      "devDependencies": {
        "@types/node": "^22.14.0",
        "@vitejs/plugin-react": "^5.0.0",
        "typescript": "~5.8.2",
        "vite": "^6.2.0"
      }
    },
    "node_modules/@babel/code-frame": {
      "version": "7.27.1",
      "dev": true,
      "license": "MIT",
      "dependencies": {
        "@babel/helper-validator-identifier": "^7.27.1",
        "js-tokens": "^4.0.0",
        "picocolors": "^1.1.1"
      },
      "engines": {
        "node": ">=6.9.0"
      }
    },
    "node_modules/@babel/compat-data": {
      "version": "7.28.5",
      "dev": true,
      "license": "MIT",
      "engines": {
        "node": ">=6.9.0"
      }
    },
    "node_modules/@babel/core": {
      "version": "7.28.5",
      "dev": true,
      "license": "MIT",
      "dependencies": {
        "@babel/code-frame": "^7.27.1",
        "@babel/generator": "^7.28.5",
        "@babel/helper-compilation-targets": "^7.27.2",
        "@babel/helper-module-transforms": "^7.28.3",
        "@babel/helpers": "^7.28.4",
        "@babel/parser": "^7.28.5",
        "@babel/template": "^7.27.2",
        "@babel/traverse": "^7.28.5",
        "@babel/types": "^7.28.5",
        "@jridgewell/remapping": "^2.3.5",
        "convert-source-map": "^2.0.0",
        "debug": "^4.1.0",
        "gensync": "^1.0.0-beta.2",
        "json5": "^2.2.3",
        "semver": "^6.3.1"
      },
      "engines": {
        "node": ">=6.9.0"
      },
      "funding": {
        "type": "opencollective",
        "url": "https://opencollective.com/babel"
      }
    },
    "node_modules/@babel/generator": {
      "version": "7.28.5",
      "dev": true,
      "license": "MIT",
      "dependencies": {
        "@babel/parser": "^7.28.5",
        "@babel/types": "^7.28.5",
        "@jridgewell/gen-mapping": "^0.3.12",
        "@jridgewell/trace-mapping": "^0.3.28",
        "jsesc": "^3.0.2"
      },
      "engines": {
        "node": ">=6.9.0"
      }
    },
    "node_modules/@babel/helper-compilation-targets": {
      "version": "7.27.2",
      "dev": true,
      "license": "MIT",
      "dependencies": {
        "@babel/compat-data": "^7.27.2",
        "@babel/helper-validator-option": "^7.27.1",
        "browserslist": "^4.24.0",
        "lru-cache": "^5.1.1",
        "semver": "^6.3.1"
      },
      "engines": {
        "node": ">=6.9.0"
      }
    },
    "node_modules/@babel/helper-globals": {
      "version": "7.28.0",
      "dev": true,
      "license": "MIT",
      "engines": {
        "node": ">=6.9.0"
      }
    },
    "node_modules/@babel/helper-module-imports": {
      "version": "7.27.1",
      "dev": true,
      "license": "MIT",
      "dependencies": {
        "@babel/traverse": "^7.27.1",
        "@babel/types": "^7.27.1"
      },
      "engines": {
        "node": ">=6.9.0"
      }
    },
    "node_modules/@babel/helper-module-transforms": {
      "version": "7.28.3",
      "dev": true,
      "license": "MIT",
      "dependencies": {
        "@babel/helper-module-imports": "^7.27.1",
        "@babel/helper-validator-identifier": "^7.27.1",
        "@babel/traverse": "^7.28.3"
      },
      "engines": {
        "node": ">=6.9.0"
      },
      "peerDependencies": {
        "@babel/core": "^7.0.0"
      }
    },
    "node_modules/@babel/helper-plugin-utils": {
      "version": "7.27.1",
      "dev": true,
      "license": "MIT",
      "engines": {
        "node": ">=6.9.0"
      }
    },
    "node_modules/@babel/helper-string-parser": {
      "version": "7.27.1",
      "dev": true,
      "license": "MIT",
      "engines": {
        "node": ">=6.9.0"
      }
    },
    "node_modules/@babel/helper-validator-identifier": {
      "version": "7.28.5",
      "dev": true,
      "license": "MIT",
      "engines": {
        "node": ">=6.9.0"
      }
    },
    "node_modules/@babel/helper-validator-option": {
      "version": "7.27.1",
      "dev": true,
      "license": "MIT",
      "engines": {
        "node": ">=6.9.0"
      }
    },
    "node_modules/@babel/helpers": {
      "version": "7.28.4",
      "dev": true,
      "license": "MIT",
      "dependencies": {
        "@babel/template": "^7.27.2",
        "@babel/types": "^7.28.4"
      },
      "engines": {
        "node": ">=6.9.0"
      }
    },
    "node_modules/@babel/parser": {
      "version": "7.28.5",
      "dev": true,
      "license": "MIT",
      "dependencies": {
        "@babel/types": "^7.28.5"
      },
      "bin": {
        "parser": "bin/babel-parser.js"
      },
      "engines": {
        "node": ">=6.0.0"
      }
    },
    "node_modules/@babel/plugin-transform-react-jsx-self": {
      "version": "7.27.1",
      "dev": true,
      "license": "MIT",
      "dependencies": {
        "@babel/helper-plugin-utils": "^7.27.1"
      },
      "engines": {
        "node": ">=6.9.0"
      },
      "peerDependencies": {
        "@babel/core": "^7.0.0-0"
      }
    },
    "node_modules/@babel/plugin-transform-react-jsx-source": {
      "version": "7.27.1",
      "dev": true,
      "license": "MIT",
      "dependencies": {
        "@babel/helper-plugin-utils": "^7.27.1"
      },
      "engines": {
        "node": ">=6.9.0"
      },
      "peerDependencies": {
        "@babel/core": "^7.0.0-0"
      }
    },
    "node_modules/@babel/template": {
      "version": "7.27.2",
      "dev": true,
      "license": "MIT",
      "dependencies": {
        "@babel/code-frame": "^7.27.1",
        "@babel/parser": "^7.27.2",
        "@babel/types": "^7.27.1"
      },
      "engines": {
        "node": ">=6.9.0"
      }
    },
    "node_modules/@babel/traverse": {
      "version": "7.28.5",
      "dev": true,
      "license": "MIT",
      "dependencies": {
        "@babel/code-frame": "^7.27.1",
        "@babel/generator": "^7.28.5",
        "@babel/helper-globals": "^7.28.0",
        "@babel/parser": "^7.28.5",
        "@babel/template": "^7.27.2",
        "@babel/types": "^7.28.5",
        "debug": "^4.3.1"
      },
      "engines": {
        "node": ">=6.9.0"
      }
    },
    "node_modules/@babel/types": {
      "version": "7.28.5",
      "dev": true,
      "license": "MIT",
      "dependencies": {
        "@babel/helper-string-parser": "^7.27.1",
        "@babel/helper-validator-identifier": "^7.28.5"
      },
      "engines": {
        "node": ">=6.9.0"
      }
    },
    "node_modules/@esbuild/win32-x64": {
      "version": "0.25.12",
      "cpu": [
        "x64"
      ],
      "dev": true,
      "license": "MIT",
      "optional": true,
      "os": [
        "win32"
      ],
      "engines": {
        "node": ">=18"
      }
    },
    "node_modules/@firebase/ai": {
      "version": "2.6.0",
      "resolved": "https://registry.npmjs.org/@firebase/ai/-/ai-2.6.0.tgz",
      "integrity": "sha512-NGyE7NQDFznOv683Xk4+WoUv39iipa9lEfrwvvPz33ChzVbCCiB69FJQTK2BI/11pRtzYGbHo1/xMz7gxWWhJw==",
      "license": "Apache-2.0",
      "dependencies": {
        "@firebase/app-check-interop-types": "0.3.3",
        "@firebase/component": "0.7.0",
        "@firebase/logger": "0.5.0",
        "@firebase/util": "1.13.0",
        "tslib": "^2.1.0"
      },
      "engines": {
        "node": ">=20.0.0"
      },
      "peerDependencies": {
        "@firebase/app": "0.x",
        "@firebase/app-types": "0.x"
      }
    },
    "node_modules/@firebase/analytics": {
      "version": "0.10.19",
      "resolved": "https://registry.npmjs.org/@firebase/analytics/-/analytics-0.10.19.tgz",
      "integrity": "sha512-3wU676fh60gaiVYQEEXsbGS4HbF2XsiBphyvvqDbtC1U4/dO4coshbYktcCHq+HFaGIK07iHOh4pME0hEq1fcg==",
      "license": "Apache-2.0",
      "dependencies": {
        "@firebase/component": "0.7.0",
        "@firebase/installations": "0.6.19",
        "@firebase/logger": "0.5.0",
        "@firebase/util": "1.13.0",
        "tslib": "^2.1.0"
      },
      "peerDependencies": {
        "@firebase/app": "0.x"
      }
    },
    "node_modules/@firebase/analytics-compat": {
      "version": "0.2.25",
      "resolved": "https://registry.npmjs.org/@firebase/analytics-compat/-/analytics-compat-0.2.25.tgz",
      "integrity": "sha512-fdzoaG0BEKbqksRDhmf4JoyZf16Wosrl0Y7tbZtJyVDOOwziE0vrFjmZuTdviL0yhak+Nco6rMsUUbkbD+qb6Q==",
      "license": "Apache-2.0",
      "dependencies": {
        "@firebase/analytics": "0.10.19",
        "@firebase/analytics-types": "0.8.3",
        "@firebase/component": "0.7.0",
        "@firebase/util": "1.13.0",
        "tslib": "^2.1.0"
      },
      "peerDependencies": {
        "@firebase/app-compat": "0.x"
      }
    },
    "node_modules/@firebase/analytics-types": {
      "version": "0.8.3",
      "resolved": "https://registry.npmjs.org/@firebase/analytics-types/-/analytics-types-0.8.3.tgz",
      "integrity": "sha512-VrIp/d8iq2g501qO46uGz3hjbDb8xzYMrbu8Tp0ovzIzrvJZ2fvmj649gTjge/b7cCCcjT0H37g1gVtlNhnkbg==",
      "license": "Apache-2.0"
    },
    "node_modules/@firebase/app": {
      "version": "0.14.6",
      "resolved": "https://registry.npmjs.org/@firebase/app/-/app-0.14.6.tgz",
      "integrity": "sha512-4uyt8BOrBsSq6i4yiOV/gG6BnnrvTeyymlNcaN/dKvyU1GoolxAafvIvaNP1RCGPlNab3OuE4MKUQuv2lH+PLQ==",
      "license": "Apache-2.0",
      "dependencies": {
        "@firebase/component": "0.7.0",
        "@firebase/logger": "0.5.0",
        "@firebase/util": "1.13.0",
        "idb": "7.1.1",
        "tslib": "^2.1.0"
      },
      "engines": {
        "node": ">=20.0.0"
      }
    },
    "node_modules/@firebase/app-check": {
      "version": "0.11.0",
      "resolved": "https://registry.npmjs.org/@firebase/app-check/-/app-check-0.11.0.tgz",
      "integrity": "sha512-XAvALQayUMBJo58U/rxW02IhsesaxxfWVmVkauZvGEz3vOAjMEQnzFlyblqkc2iAaO82uJ2ZVyZv9XzPfxjJ6w==",
      "license": "Apache-2.0",
      "dependencies": {
        "@firebase/component": "0.7.0",
        "@firebase/logger": "0.5.0",
        "@firebase/util": "1.13.0",
        "tslib": "^2.1.0"
      },
      "engines": {
        "node": ">=20.0.0"
      },
      "peerDependencies": {
        "@firebase/app": "0.x"
      }
    },
    "node_modules/@firebase/app-check-compat": {
      "version": "0.4.0",
      "resolved": "https://registry.npmjs.org/@firebase/app-check-compat/-/app-check-compat-0.4.0.tgz",
      "integrity": "sha512-UfK2Q8RJNjYM/8MFORltZRG9lJj11k0nW84rrffiKvcJxLf1jf6IEjCIkCamykHE73C6BwqhVfhIBs69GXQV0g==",
      "license": "Apache-2.0",
      "dependencies": {
        "@firebase/app-check": "0.11.0",
        "@firebase/app-check-types": "0.5.3",
        "@firebase/component": "0.7.0",
        "@firebase/logger": "0.5.0",
        "@firebase/util": "1.13.0",
        "tslib": "^2.1.0"
      },
      "engines": {
        "node": ">=20.0.0"
      },
      "peerDependencies": {
        "@firebase/app-compat": "0.x"
      }
    },
    "node_modules/@firebase/app-check-interop-types": {
      "version": "0.3.3",
      "resolved": "https://registry.npmjs.org/@firebase/app-check-interop-types/-/app-check-interop-types-0.3.3.tgz",
      "integrity": "sha512-gAlxfPLT2j8bTI/qfe3ahl2I2YcBQ8cFIBdhAQA4I2f3TndcO+22YizyGYuttLHPQEpWkhmpFW60VCFEPg4g5A==",
      "license": "Apache-2.0"
    },
    "node_modules/@firebase/app-check-types": {
      "version": "0.5.3",
      "resolved": "https://registry.npmjs.org/@firebase/app-check-types/-/app-check-types-0.5.3.tgz",
      "integrity": "sha512-hyl5rKSj0QmwPdsAxrI5x1otDlByQ7bvNvVt8G/XPO2CSwE++rmSVf3VEhaeOR4J8ZFaF0Z0NDSmLejPweZ3ng==",
      "license": "Apache-2.0"
    },
    "node_modules/@firebase/app-compat": {
      "version": "0.5.6",
      "resolved": "https://registry.npmjs.org/@firebase/app-compat/-/app-compat-0.5.6.tgz",
      "integrity": "sha512-YYGARbutghQY4zZUWMYia0ib0Y/rb52y72/N0z3vglRHL7ii/AaK9SA7S/dzScVOlCdnbHXz+sc5Dq+r8fwFAg==",
      "license": "Apache-2.0",
      "dependencies": {
        "@firebase/app": "0.14.6",
        "@firebase/component": "0.7.0",
        "@firebase/logger": "0.5.0",
        "@firebase/util": "1.13.0",
        "tslib": "^2.1.0"
      },
      "engines": {
        "node": ">=20.0.0"
      }
    },
    "node_modules/@firebase/app-types": {
      "version": "0.9.3",
      "resolved": "https://registry.npmjs.org/@firebase/app-types/-/app-types-0.9.3.tgz",
      "integrity": "sha512-kRVpIl4vVGJ4baogMDINbyrIOtOxqhkZQg4jTq3l8Lw6WSk0xfpEYzezFu+Kl4ve4fbPl79dvwRtaFqAC/ucCw==",
      "license": "Apache-2.0"
    },
    "node_modules/@firebase/auth": {
      "version": "1.11.1",
      "resolved": "https://registry.npmjs.org/@firebase/auth/-/auth-1.11.1.tgz",
      "integrity": "sha512-Mea0G/BwC1D0voSG+60Ylu3KZchXAFilXQ/hJXWCw3gebAu+RDINZA0dJMNeym7HFxBaBaByX8jSa7ys5+F2VA==",
      "license": "Apache-2.0",
      "dependencies": {
        "@firebase/component": "0.7.0",
        "@firebase/logger": "0.5.0",
        "@firebase/util": "1.13.0",
        "tslib": "^2.1.0"
      },
      "engines": {
        "node": ">=20.0.0"
      },
      "peerDependencies": {
        "@firebase/app": "0.x",
        "@react-native-async-storage/async-storage": "^1.18.1"
      },
      "peerDependenciesMeta": {
        "@react-native-async-storage/async-storage": {
          "optional": true
        }
      }
    },
    "node_modules/@firebase/auth-compat": {
      "version": "0.6.1",
      "resolved": "https://registry.npmjs.org/@firebase/auth-compat/-/auth-compat-0.6.1.tgz",
      "integrity": "sha512-I0o2ZiZMnMTOQfqT22ur+zcGDVSAfdNZBHo26/Tfi8EllfR1BO7aTVo2rt/ts8o/FWsK8pOALLeVBGhZt8w/vg==",
      "license": "Apache-2.0",
      "dependencies": {
        "@firebase/auth": "1.11.1",
        "@firebase/auth-types": "0.13.0",
        "@firebase/component": "0.7.0",
        "@firebase/util": "1.13.0",
        "tslib": "^2.1.0"
      },
      "engines": {
        "node": ">=20.0.0"
      },
      "peerDependencies": {
        "@firebase/app-compat": "0.x"
      }
    },
    "node_modules/@firebase/auth-interop-types": {
      "version": "0.2.4",
      "resolved": "https://registry.npmjs.org/@firebase/auth-interop-types/-/auth-interop-types-0.2.4.tgz",
      "integrity": "sha512-JPgcXKCuO+CWqGDnigBtvo09HeBs5u/Ktc2GaFj2m01hLarbxthLNm7Fk8iOP1aqAtXV+fnnGj7U28xmk7IwVA==",
      "license": "Apache-2.0"
    },
    "node_modules/@firebase/auth-types": {
      "version": "0.13.0",
      "resolved": "https://registry.npmjs.org/@firebase/auth-types/-/auth-types-0.13.0.tgz",
      "integrity": "sha512-S/PuIjni0AQRLF+l9ck0YpsMOdE8GO2KU6ubmBB7P+7TJUCQDa3R1dlgYm9UzGbbePMZsp0xzB93f2b/CgxMOg==",
      "license": "Apache-2.0",
      "peerDependencies": {
        "@firebase/app-types": "0.x",
        "@firebase/util": "1.x"
      }
    },
    "node_modules/@firebase/component": {
      "version": "0.7.0",
      "resolved": "https://registry.npmjs.org/@firebase/component/-/component-0.7.0.tgz",
      "integrity": "sha512-wR9En2A+WESUHexjmRHkqtaVH94WLNKt6rmeqZhSLBybg4Wyf0Umk04SZsS6sBq4102ZsDBFwoqMqJYj2IoDSg==",
      "license": "Apache-2.0",
      "dependencies": {
        "@firebase/util": "1.13.0",
        "tslib": "^2.1.0"
      },
      "engines": {
        "node": ">=20.0.0"
      }
    },
    "node_modules/@firebase/data-connect": {
      "version": "0.3.12",
      "resolved": "https://registry.npmjs.org/@firebase/data-connect/-/data-connect-0.3.12.tgz",
      "integrity": "sha512-baPddcoNLj/+vYo+HSJidJUdr5W4OkhT109c5qhR8T1dJoZcyJpkv/dFpYlw/VJ3dV66vI8GHQFrmAZw/xUS4g==",
      "license": "Apache-2.0",
      "dependencies": {
        "@firebase/auth-interop-types": "0.2.4",
        "@firebase/component": "0.7.0",
        "@firebase/logger": "0.5.0",
        "@firebase/util": "1.13.0",
        "tslib": "^2.1.0"
      },
      "peerDependencies": {
        "@firebase/app": "0.x"
      }
    },
    "node_modules/@firebase/database": {
      "version": "1.1.0",
      "resolved": "https://registry.npmjs.org/@firebase/database/-/database-1.1.0.tgz",
      "integrity": "sha512-gM6MJFae3pTyNLoc9VcJNuaUDej0ctdjn3cVtILo3D5lpp0dmUHHLFN/pUKe7ImyeB1KAvRlEYxvIHNF04Filg==",
      "license": "Apache-2.0",
      "dependencies": {
        "@firebase/app-check-interop-types": "0.3.3",
        "@firebase/auth-interop-types": "0.2.4",
        "@firebase/component": "0.7.0",
        "@firebase/logger": "0.5.0",
        "@firebase/util": "1.13.0",
        "faye-websocket": "0.11.4",
        "tslib": "^2.1.0"
      },
      "engines": {
        "node": ">=20.0.0"
      }
    },
    "node_modules/@firebase/database-compat": {
      "version": "2.1.0",
      "resolved": "https://registry.npmjs.org/@firebase/database-compat/-/database-compat-2.1.0.tgz",
      "integrity": "sha512-8nYc43RqxScsePVd1qe1xxvWNf0OBnbwHxmXJ7MHSuuTVYFO3eLyLW3PiCKJ9fHnmIz4p4LbieXwz+qtr9PZDg==",
      "license": "Apache-2.0",
      "dependencies": {
        "@firebase/component": "0.7.0",
        "@firebase/database": "1.1.0",
        "@firebase/database-types": "1.0.16",
        "@firebase/logger": "0.5.0",
        "@firebase/util": "1.13.0",
        "tslib": "^2.1.0"
      },
      "engines": {
        "node": ">=20.0.0"
      }
    },
    "node_modules/@firebase/database-types": {
      "version": "1.0.16",
      "resolved": "https://registry.npmjs.org/@firebase/database-types/-/database-types-1.0.16.tgz",
      "integrity": "sha512-xkQLQfU5De7+SPhEGAXFBnDryUWhhlFXelEg2YeZOQMCdoe7dL64DDAd77SQsR+6uoXIZY5MB4y/inCs4GTfcw==",
      "license": "Apache-2.0",
      "dependencies": {
        "@firebase/app-types": "0.9.3",
        "@firebase/util": "1.13.0"
      }
    },
    "node_modules/@firebase/firestore": {
      "version": "4.9.2",
      "resolved": "https://registry.npmjs.org/@firebase/firestore/-/firestore-4.9.2.tgz",
      "integrity": "sha512-iuA5+nVr/IV/Thm0Luoqf2mERUvK9g791FZpUJV1ZGXO6RL2/i/WFJUj5ZTVXy5pRjpWYO+ZzPcReNrlilmztA==",
      "license": "Apache-2.0",
      "dependencies": {
        "@firebase/component": "0.7.0",
        "@firebase/logger": "0.5.0",
        "@firebase/util": "1.13.0",
        "@firebase/webchannel-wrapper": "1.0.5",
        "@grpc/grpc-js": "~1.9.0",
        "@grpc/proto-loader": "^0.7.8",
        "tslib": "^2.1.0"
      },
      "engines": {
        "node": ">=20.0.0"
      },
      "peerDependencies": {
        "@firebase/app": "0.x"
      }
    },
    "node_modules/@firebase/firestore-compat": {
      "version": "0.4.2",
      "resolved": "https://registry.npmjs.org/@firebase/firestore-compat/-/firestore-compat-0.4.2.tgz",
      "integrity": "sha512-cy7ov6SpFBx+PHwFdOOjbI7kH00uNKmIFurAn560WiPCZXy9EMnil1SOG7VF4hHZKdenC+AHtL4r3fNpirpm0w==",
      "license": "Apache-2.0",
      "dependencies": {
        "@firebase/component": "0.7.0",
        "@firebase/firestore": "4.9.2",
        "@firebase/firestore-types": "3.0.3",
        "@firebase/util": "1.13.0",
        "tslib": "^2.1.0"
      },
      "engines": {
        "node": ">=20.0.0"
      },
      "peerDependencies": {
        "@firebase/app-compat": "0.x"
      }
    },
    "node_modules/@firebase/firestore-types": {
      "version": "3.0.3",
      "resolved": "https://registry.npmjs.org/@firebase/firestore-types/-/firestore-types-3.0.3.tgz",
      "integrity": "sha512-hD2jGdiWRxB/eZWF89xcK9gF8wvENDJkzpVFb4aGkzfEaKxVRD1kjz1t1Wj8VZEp2LCB53Yx1zD8mrhQu87R6Q==",
      "license": "Apache-2.0",
      "peerDependencies": {
        "@firebase/app-types": "0.x",
        "@firebase/util": "1.x"
      }
    },
    "node_modules/@firebase/functions": {
      "version": "0.13.1",
      "resolved": "https://registry.npmjs.org/@firebase/functions/-/functions-0.13.1.tgz",
      "integrity": "sha512-sUeWSb0rw5T+6wuV2o9XNmh9yHxjFI9zVGFnjFi+n7drTEWpl7ZTz1nROgGrSu472r+LAaj+2YaSicD4R8wfbw==",
      "license": "Apache-2.0",
      "dependencies": {
        "@firebase/app-check-interop-types": "0.3.3",
        "@firebase/auth-interop-types": "0.2.4",
        "@firebase/component": "0.7.0",
        "@firebase/messaging-interop-types": "0.2.3",
        "@firebase/util": "1.13.0",
        "tslib": "^2.1.0"
      },
      "engines": {
        "node": ">=20.0.0"
      },
      "peerDependencies": {
        "@firebase/app": "0.x"
      }
    },
    "node_modules/@firebase/functions-compat": {
      "version": "0.4.1",
      "resolved": "https://registry.npmjs.org/@firebase/functions-compat/-/functions-compat-0.4.1.tgz",
      "integrity": "sha512-AxxUBXKuPrWaVNQ8o1cG1GaCAtXT8a0eaTDfqgS5VsRYLAR0ALcfqDLwo/QyijZj1w8Qf8n3Qrfy/+Im245hOQ==",
      "license": "Apache-2.0",
      "dependencies": {
        "@firebase/component": "0.7.0",
        "@firebase/functions": "0.13.1",
        "@firebase/functions-types": "0.6.3",
        "@firebase/util": "1.13.0",
        "tslib": "^2.1.0"
      },
      "engines": {
        "node": ">=20.0.0"
      },
      "peerDependencies": {
        "@firebase/app-compat": "0.x"
      }
    },
    "node_modules/@firebase/functions-types": {
      "version": "0.6.3",
      "resolved": "https://registry.npmjs.org/@firebase/functions-types/-/functions-types-0.6.3.tgz",
      "integrity": "sha512-EZoDKQLUHFKNx6VLipQwrSMh01A1SaL3Wg6Hpi//x6/fJ6Ee4hrAeswK99I5Ht8roiniKHw4iO0B1Oxj5I4plg==",
      "license": "Apache-2.0"
    },
    "node_modules/@firebase/installations": {
      "version": "0.6.19",
      "resolved": "https://registry.npmjs.org/@firebase/installations/-/installations-0.6.19.tgz",
      "integrity": "sha512-nGDmiwKLI1lerhwfwSHvMR9RZuIH5/8E3kgUWnVRqqL7kGVSktjLTWEMva7oh5yxQ3zXfIlIwJwMcaM5bK5j8Q==",
      "license": "Apache-2.0",
      "dependencies": {
        "@firebase/component": "0.7.0",
        "@firebase/util": "1.13.0",
        "idb": "7.1.1",
        "tslib": "^2.1.0"
      },
      "peerDependencies": {
        "@firebase/app": "0.x"
      }
    },
    "node_modules/@firebase/installations-compat": {
      "version": "0.2.19",
      "resolved": "https://registry.npmjs.org/@firebase/installations-compat/-/installations-compat-0.2.19.tgz",
      "integrity": "sha512-khfzIY3EI5LePePo7vT19/VEIH1E3iYsHknI/6ek9T8QCozAZshWT9CjlwOzZrKvTHMeNcbpo/VSOSIWDSjWdQ==",
      "license": "Apache-2.0",
      "dependencies": {
        "@firebase/component": "0.7.0",
        "@firebase/installations": "0.6.19",
        "@firebase/installations-types": "0.5.3",
        "@firebase/util": "1.13.0",
        "tslib": "^2.1.0"
      },
      "peerDependencies": {
        "@firebase/app-compat": "0.x"
      }
    },
    "node_modules/@firebase/installations-types": {
      "version": "0.5.3",
      "resolved": "https://registry.npmjs.org/@firebase/installations-types/-/installations-types-0.5.3.tgz",
      "integrity": "sha512-2FJI7gkLqIE0iYsNQ1P751lO3hER+Umykel+TkLwHj6plzWVxqvfclPUZhcKFVQObqloEBTmpi2Ozn7EkCABAA==",
      "license": "Apache-2.0",
      "peerDependencies": {
        "@firebase/app-types": "0.x"
      }
    },
    "node_modules/@firebase/logger": {
      "version": "0.5.0",
      "resolved": "https://registry.npmjs.org/@firebase/logger/-/logger-0.5.0.tgz",
      "integrity": "sha512-cGskaAvkrnh42b3BA3doDWeBmuHFO/Mx5A83rbRDYakPjO9bJtRL3dX7javzc2Rr/JHZf4HlterTW2lUkfeN4g==",
      "license": "Apache-2.0",
      "dependencies": {
        "tslib": "^2.1.0"
      },
      "engines": {
        "node": ">=20.0.0"
      }
    },
    "node_modules/@firebase/messaging": {
      "version": "0.12.23",
      "resolved": "https://registry.npmjs.org/@firebase/messaging/-/messaging-0.12.23.tgz",
      "integrity": "sha512-cfuzv47XxqW4HH/OcR5rM+AlQd1xL/VhuaeW/wzMW1LFrsFcTn0GND/hak1vkQc2th8UisBcrkVcQAnOnKwYxg==",
      "license": "Apache-2.0",
      "dependencies": {
        "@firebase/component": "0.7.0",
        "@firebase/installations": "0.6.19",
        "@firebase/messaging-interop-types": "0.2.3",
        "@firebase/util": "1.13.0",
        "idb": "7.1.1",
        "tslib": "^2.1.0"
      },
      "peerDependencies": {
        "@firebase/app": "0.x"
      }
    },
    "node_modules/@firebase/messaging-compat": {
      "version": "0.2.23",
      "resolved": "https://registry.npmjs.org/@firebase/messaging-compat/-/messaging-compat-0.2.23.tgz",
      "integrity": "sha512-SN857v/kBUvlQ9X/UjAqBoQ2FEaL1ZozpnmL1ByTe57iXkmnVVFm9KqAsTfmf+OEwWI4kJJe9NObtN/w22lUgg==",
      "license": "Apache-2.0",
      "dependencies": {
        "@firebase/component": "0.7.0",
        "@firebase/messaging": "0.12.23",
        "@firebase/util": "1.13.0",
        "tslib": "^2.1.0"
      },
      "peerDependencies": {
        "@firebase/app-compat": "0.x"
      }
    },
    "node_modules/@firebase/messaging-interop-types": {
      "version": "0.2.3",
      "resolved": "https://registry.npmjs.org/@firebase/messaging-interop-types/-/messaging-interop-types-0.2.3.tgz",
      "integrity": "sha512-xfzFaJpzcmtDjycpDeCUj0Ge10ATFi/VHVIvEEjDNc3hodVBQADZ7BWQU7CuFpjSHE+eLuBI13z5F/9xOoGX8Q==",
      "license": "Apache-2.0"
    },
    "node_modules/@firebase/performance": {
      "version": "0.7.9",
      "resolved": "https://registry.npmjs.org/@firebase/performance/-/performance-0.7.9.tgz",
      "integrity": "sha512-UzybENl1EdM2I1sjYm74xGt/0JzRnU/0VmfMAKo2LSpHJzaj77FCLZXmYQ4oOuE+Pxtt8Wy2BVJEENiZkaZAzQ==",
      "license": "Apache-2.0",
      "dependencies": {
        "@firebase/component": "0.7.0",
        "@firebase/installations": "0.6.19",
        "@firebase/logger": "0.5.0",
        "@firebase/util": "1.13.0",
        "tslib": "^2.1.0",
        "web-vitals": "^4.2.4"
      },
      "peerDependencies": {
        "@firebase/app": "0.x"
      }
    },
    "node_modules/@firebase/performance-compat": {
      "version": "0.2.22",
      "resolved": "https://registry.npmjs.org/@firebase/performance-compat/-/performance-compat-0.2.22.tgz",
      "integrity": "sha512-xLKxaSAl/FVi10wDX/CHIYEUP13jXUjinL+UaNXT9ByIvxII5Ne5150mx6IgM8G6Q3V+sPiw9C8/kygkyHUVxg==",
      "license": "Apache-2.0",
      "dependencies": {
        "@firebase/component": "0.7.0",
        "@firebase/logger": "0.5.0",
        "@firebase/performance": "0.7.9",
        "@firebase/performance-types": "0.2.3",
        "@firebase/util": "1.13.0",
        "tslib": "^2.1.0"
      },
      "peerDependencies": {
        "@firebase/app-compat": "0.x"
      }
    },
    "node_modules/@firebase/performance-types": {
      "version": "0.2.3",
      "resolved": "https://registry.npmjs.org/@firebase/performance-types/-/performance-types-0.2.3.tgz",
      "integrity": "sha512-IgkyTz6QZVPAq8GSkLYJvwSLr3LS9+V6vNPQr0x4YozZJiLF5jYixj0amDtATf1X0EtYHqoPO48a9ija8GocxQ==",
      "license": "Apache-2.0"
    },
    "node_modules/@firebase/remote-config": {
      "version": "0.7.0",
      "resolved": "https://registry.npmjs.org/@firebase/remote-config/-/remote-config-0.7.0.tgz",
      "integrity": "sha512-dX95X6WlW7QlgNd7aaGdjAIZUiQkgWgNS+aKNu4Wv92H1T8Ue/NDUjZHd9xb8fHxLXIHNZeco9/qbZzr500MjQ==",
      "license": "Apache-2.0",
      "dependencies": {
        "@firebase/component": "0.7.0",
        "@firebase/installations": "0.6.19",
        "@firebase/logger": "0.5.0",
        "@firebase/util": "1.13.0",
        "tslib": "^2.1.0"
      },
      "peerDependencies": {
        "@firebase/app": "0.x"
      }
    },
    "node_modules/@firebase/remote-config-compat": {
      "version": "0.2.20",
      "resolved": "https://registry.npmjs.org/@firebase/remote-config-compat/-/remote-config-compat-0.2.20.tgz",
      "integrity": "sha512-P/ULS9vU35EL9maG7xp66uljkZgcPMQOxLj3Zx2F289baTKSInE6+YIkgHEi1TwHoddC/AFePXPpshPlEFkbgg==",
      "license": "Apache-2.0",
      "dependencies": {
        "@firebase/component": "0.7.0",
        "@firebase/logger": "0.5.0",
        "@firebase/remote-config": "0.7.0",
        "@firebase/remote-config-types": "0.5.0",
        "@firebase/util": "1.13.0",
        "tslib": "^2.1.0"
      },
      "peerDependencies": {
        "@firebase/app-compat": "0.x"
      }
    },
    "node_modules/@firebase/remote-config-types": {
      "version": "0.5.0",
      "resolved": "https://registry.npmjs.org/@firebase/remote-config-types/-/remote-config-types-0.5.0.tgz",
      "integrity": "sha512-vI3bqLoF14L/GchtgayMiFpZJF+Ao3uR8WCde0XpYNkSokDpAKca2DxvcfeZv7lZUqkUwQPL2wD83d3vQ4vvrg==",
      "license": "Apache-2.0"
    },
    "node_modules/@firebase/storage": {
      "version": "0.14.0",
      "resolved": "https://registry.npmjs.org/@firebase/storage/-/storage-0.14.0.tgz",
      "integrity": "sha512-xWWbb15o6/pWEw8H01UQ1dC5U3rf8QTAzOChYyCpafV6Xki7KVp3Yaw2nSklUwHEziSWE9KoZJS7iYeyqWnYFA==",
      "license": "Apache-2.0",
      "dependencies": {
        "@firebase/component": "0.7.0",
        "@firebase/util": "1.13.0",
        "tslib": "^2.1.0"
      },
      "engines": {
        "node": ">=20.0.0"
      },
      "peerDependencies": {
        "@firebase/app": "0.x"
      }
    },
    "node_modules/@firebase/storage-compat": {
      "version": "0.4.0",
      "resolved": "https://registry.npmjs.org/@firebase/storage-compat/-/storage-compat-0.4.0.tgz",
      "integrity": "sha512-vDzhgGczr1OfcOy285YAPur5pWDEvD67w4thyeCUh6Ys0izN9fNYtA1MJERmNBfqjqu0lg0FM5GLbw0Il21M+g==",
      "license": "Apache-2.0",
      "dependencies": {
        "@firebase/component": "0.7.0",
        "@firebase/storage": "0.14.0",
        "@firebase/storage-types": "0.8.3",
        "@firebase/util": "1.13.0",
        "tslib": "^2.1.0"
      },
      "engines": {
        "node": ">=20.0.0"
      },
      "peerDependencies": {
        "@firebase/app-compat": "0.x"
      }
    },
    "node_modules/@firebase/storage-types": {
      "version": "0.8.3",
      "resolved": "https://registry.npmjs.org/@firebase/storage-types/-/storage-types-0.8.3.tgz",
      "integrity": "sha512-+Muk7g9uwngTpd8xn9OdF/D48uiQ7I1Fae7ULsWPuKoCH3HU7bfFPhxtJYzyhjdniowhuDpQcfPmuNRAqZEfvg==",
      "license": "Apache-2.0",
      "peerDependencies": {
        "@firebase/app-types": "0.x",
        "@firebase/util": "1.x"
      }
    },
    "node_modules/@firebase/util": {
      "version": "1.13.0",
      "resolved": "https://registry.npmjs.org/@firebase/util/-/util-1.13.0.tgz",
      "integrity": "sha512-0AZUyYUfpMNcztR5l09izHwXkZpghLgCUaAGjtMwXnCg3bj4ml5VgiwqOMOxJ+Nw4qN/zJAaOQBcJ7KGkWStqQ==",
      "hasInstallScript": true,
      "license": "Apache-2.0",
      "dependencies": {
        "tslib": "^2.1.0"
      },
      "engines": {
        "node": ">=20.0.0"
      }
    },
    "node_modules/@firebase/webchannel-wrapper": {
      "version": "1.0.5",
      "resolved": "https://registry.npmjs.org/@firebase/webchannel-wrapper/-/webchannel-wrapper-1.0.5.tgz",
      "integrity": "sha512-+uGNN7rkfn41HLO0vekTFhTxk61eKa8mTpRGLO0QSqlQdKvIoGAvLp3ppdVIWbTGYJWM6Kp0iN+PjMIOcnVqTw==",
      "license": "Apache-2.0"
    },
    "node_modules/@google/genai": {
      "version": "1.30.0",
      "license": "Apache-2.0",
      "dependencies": {
        "google-auth-library": "^10.3.0",
        "ws": "^8.18.0"
      },
      "engines": {
        "node": ">=20.0.0"
      },
      "peerDependencies": {
        "@modelcontextprotocol/sdk": "^1.20.1"
      },
      "peerDependenciesMeta": {
        "@modelcontextprotocol/sdk": {
          "optional": true
        }
      }
    },
    "node_modules/@grpc/grpc-js": {
      "version": "1.9.15",
      "resolved": "https://registry.npmjs.org/@grpc/grpc-js/-/grpc-js-1.9.15.tgz",
      "integrity": "sha512-nqE7Hc0AzI+euzUwDAy0aY5hCp10r734gMGRdU+qOPX0XSceI2ULrcXB5U2xSc5VkWwalCj4M7GzCAygZl2KoQ==",
      "license": "Apache-2.0",
      "dependencies": {
        "@grpc/proto-loader": "^0.7.8",
        "@types/node": ">=12.12.47"
      },
      "engines": {
        "node": "^8.13.0 || >=10.10.0"
      }
    },
    "node_modules/@grpc/proto-loader": {
      "version": "0.7.15",
      "resolved": "https://registry.npmjs.org/@grpc/proto-loader/-/proto-loader-0.7.15.tgz",
      "integrity": "sha512-tMXdRCfYVixjuFK+Hk0Q1s38gV9zDiDJfWL3h1rv4Qc39oILCu1TRTDt7+fGUI8K4G1Fj125Hx/ru3azECWTyQ==",
      "license": "Apache-2.0",
      "dependencies": {
        "lodash.camelcase": "^4.3.0",
        "long": "^5.0.0",
        "protobufjs": "^7.2.5",
        "yargs": "^17.7.2"
      },
      "bin": {
        "proto-loader-gen-types": "build/bin/proto-loader-gen-types.js"
      },
      "engines": {
        "node": ">=6"
      }
    },
    "node_modules/@isaacs/cliui": {
      "version": "8.0.2",
      "license": "ISC",
      "dependencies": {
        "string-width": "^5.1.2",
        "string-width-cjs": "npm:string-width@^4.2.0",
        "strip-ansi": "^7.0.1",
        "strip-ansi-cjs": "npm:strip-ansi@^6.0.1",
        "wrap-ansi": "^8.1.0",
        "wrap-ansi-cjs": "npm:wrap-ansi@^7.0.0"
      },
      "engines": {
        "node": ">=12"
      }
    },
    "node_modules/@jridgewell/gen-mapping": {
      "version": "0.3.13",
      "dev": true,
      "license": "MIT",
      "dependencies": {
        "@jridgewell/sourcemap-codec": "^1.5.0",
        "@jridgewell/trace-mapping": "^0.3.24"
      }
    },
    "node_modules/@jridgewell/remapping": {
      "version": "2.3.5",
      "dev": true,
      "license": "MIT",
      "dependencies": {
        "@jridgewell/gen-mapping": "^0.3.5",
        "@jridgewell/trace-mapping": "^0.3.24"
      }
    },
    "node_modules/@jridgewell/resolve-uri": {
      "version": "3.1.2",
      "dev": true,
      "license": "MIT",
      "engines": {
        "node": ">=6.0.0"
      }
    },
    "node_modules/@jridgewell/sourcemap-codec": {
      "version": "1.5.5",
      "dev": true,
      "license": "MIT"
    },
    "node_modules/@jridgewell/trace-mapping": {
      "version": "0.3.31",
      "dev": true,
      "license": "MIT",
      "dependencies": {
        "@jridgewell/resolve-uri": "^3.1.0",
        "@jridgewell/sourcemap-codec": "^1.4.14"
      }
    },
    "node_modules/@pkgjs/parseargs": {
      "version": "0.11.0",
      "license": "MIT",
      "optional": true,
      "engines": {
        "node": ">=14"
      }
    },
    "node_modules/@protobufjs/aspromise": {
      "version": "1.1.2",
      "resolved": "https://registry.npmjs.org/@protobufjs/aspromise/-/aspromise-1.1.2.tgz",
      "integrity": "sha512-j+gKExEuLmKwvz3OgROXtrJ2UG2x8Ch2YZUxahh+s1F2HZ+wAceUNLkvy6zKCPVRkU++ZWQrdxsUeQXmcg4uoQ==",
      "license": "BSD-3-Clause"
    },
    "node_modules/@protobufjs/base64": {
      "version": "1.1.2",
      "resolved": "https://registry.npmjs.org/@protobufjs/base64/-/base64-1.1.2.tgz",
      "integrity": "sha512-AZkcAA5vnN/v4PDqKyMR5lx7hZttPDgClv83E//FMNhR2TMcLUhfRUBHCmSl0oi9zMgDDqRUJkSxO3wm85+XLg==",
      "license": "BSD-3-Clause"
    },
    "node_modules/@protobufjs/codegen": {
      "version": "2.0.4",
      "resolved": "https://registry.npmjs.org/@protobufjs/codegen/-/codegen-2.0.4.tgz",
      "integrity": "sha512-YyFaikqM5sH0ziFZCN3xDC7zeGaB/d0IUb9CATugHWbd1FRFwWwt4ld4OYMPWu5a3Xe01mGAULCdqhMlPl29Jg==",
      "license": "BSD-3-Clause"
    },
    "node_modules/@protobufjs/eventemitter": {
      "version": "1.1.0",
      "resolved": "https://registry.npmjs.org/@protobufjs/eventemitter/-/eventemitter-1.1.0.tgz",
      "integrity": "sha512-j9ednRT81vYJ9OfVuXG6ERSTdEL1xVsNgqpkxMsbIabzSo3goCjDIveeGv5d03om39ML71RdmrGNjG5SReBP/Q==",
      "license": "BSD-3-Clause"
    },
    "node_modules/@protobufjs/fetch": {
      "version": "1.1.0",
      "resolved": "https://registry.npmjs.org/@protobufjs/fetch/-/fetch-1.1.0.tgz",
      "integrity": "sha512-lljVXpqXebpsijW71PZaCYeIcE5on1w5DlQy5WH6GLbFryLUrBD4932W/E2BSpfRJWseIL4v/KPgBFxDOIdKpQ==",
      "license": "BSD-3-Clause",
      "dependencies": {
        "@protobufjs/aspromise": "^1.1.1",
        "@protobufjs/inquire": "^1.1.0"
      }
    },
    "node_modules/@protobufjs/float": {
      "version": "1.0.2",
      "resolved": "https://registry.npmjs.org/@protobufjs/float/-/float-1.0.2.tgz",
      "integrity": "sha512-Ddb+kVXlXst9d+R9PfTIxh1EdNkgoRe5tOX6t01f1lYWOvJnSPDBlG241QLzcyPdoNTsblLUdujGSE4RzrTZGQ==",
      "license": "BSD-3-Clause"
    },
    "node_modules/@protobufjs/inquire": {
      "version": "1.1.0",
      "resolved": "https://registry.npmjs.org/@protobufjs/inquire/-/inquire-1.1.0.tgz",
      "integrity": "sha512-kdSefcPdruJiFMVSbn801t4vFK7KB/5gd2fYvrxhuJYg8ILrmn9SKSX2tZdV6V+ksulWqS7aXjBcRXl3wHoD9Q==",
      "license": "BSD-3-Clause"
    },
    "node_modules/@protobufjs/path": {
      "version": "1.1.2",
      "resolved": "https://registry.npmjs.org/@protobufjs/path/-/path-1.1.2.tgz",
      "integrity": "sha512-6JOcJ5Tm08dOHAbdR3GrvP+yUUfkjG5ePsHYczMFLq3ZmMkAD98cDgcT2iA1lJ9NVwFd4tH/iSSoe44YWkltEA==",
      "license": "BSD-3-Clause"
    },
    "node_modules/@protobufjs/pool": {
      "version": "1.1.0",
      "resolved": "https://registry.npmjs.org/@protobufjs/pool/-/pool-1.1.0.tgz",
      "integrity": "sha512-0kELaGSIDBKvcgS4zkjz1PeddatrjYcmMWOlAuAPwAeccUrPHdUqo/J6LiymHHEiJT5NrF1UVwxY14f+fy4WQw==",
      "license": "BSD-3-Clause"
    },
    "node_modules/@protobufjs/utf8": {
      "version": "1.1.0",
      "resolved": "https://registry.npmjs.org/@protobufjs/utf8/-/utf8-1.1.0.tgz",
      "integrity": "sha512-Vvn3zZrhQZkkBE8LSuW3em98c0FwgO4nxzv6OdSxPKJIEKY2bGbHn+mhGIPerzI4twdxaP8/0+06HBpwf345Lw==",
      "license": "BSD-3-Clause"
    },
    "node_modules/@rolldown/pluginutils": {
      "version": "1.0.0-beta.47",
      "dev": true,
      "license": "MIT"
    },
    "node_modules/@rollup/rollup-win32-x64-gnu": {
      "version": "4.53.3",
      "cpu": [
        "x64"
      ],
      "dev": true,
      "license": "MIT",
      "optional": true,
      "os": [
        "win32"
      ]
    },
    "node_modules/@rollup/rollup-win32-x64-msvc": {
      "version": "4.53.3",
      "cpu": [
        "x64"
      ],
      "dev": true,
      "license": "MIT",
      "optional": true,
      "os": [
        "win32"
      ]
    },
    "node_modules/@types/babel__core": {
      "version": "7.20.5",
      "dev": true,
      "license": "MIT",
      "dependencies": {
        "@babel/parser": "^7.20.7",
        "@babel/types": "^7.20.7",
        "@types/babel__generator": "*",
        "@types/babel__template": "*",
        "@types/babel__traverse": "*"
      }
    },
    "node_modules/@types/babel__generator": {
      "version": "7.27.0",
      "dev": true,
      "license": "MIT",
      "dependencies": {
        "@babel/types": "^7.0.0"
      }
    },
    "node_modules/@types/babel__template": {
      "version": "7.4.4",
      "dev": true,
      "license": "MIT",
      "dependencies": {
        "@babel/parser": "^7.1.0",
        "@babel/types": "^7.0.0"
      }
    },
    "node_modules/@types/babel__traverse": {
      "version": "7.28.0",
      "dev": true,
      "license": "MIT",
      "dependencies": {
        "@babel/types": "^7.28.2"
      }
    },
    "node_modules/@types/estree": {
      "version": "1.0.8",
      "dev": true,
      "license": "MIT"
    },
    "node_modules/@types/node": {
      "version": "22.19.1",
      "license": "MIT",
      "dependencies": {
        "undici-types": "~6.21.0"
      }
    },
    "node_modules/@vitejs/plugin-react": {
      "version": "5.1.1",
      "dev": true,
      "license": "MIT",
      "dependencies": {
        "@babel/core": "^7.28.5",
        "@babel/plugin-transform-react-jsx-self": "^7.27.1",
        "@babel/plugin-transform-react-jsx-source": "^7.27.1",
        "@rolldown/pluginutils": "1.0.0-beta.47",
        "@types/babel__core": "^7.20.5",
        "react-refresh": "^0.18.0"
      },
      "engines": {
        "node": "^20.19.0 || >=22.12.0"
      },
      "peerDependencies": {
        "vite": "^4.2.0 || ^5.0.0 || ^6.0.0 || ^7.0.0"
      }
    },
    "node_modules/agent-base": {
      "version": "7.1.4",
      "license": "MIT",
      "engines": {
        "node": ">= 14"
      }
    },
    "node_modules/ansi-regex": {
      "version": "6.2.2",
      "license": "MIT",
      "engines": {
        "node": ">=12"
      },
      "funding": {
        "url": "https://github.com/chalk/ansi-regex?sponsor=1"
      }
    },
    "node_modules/ansi-styles": {
      "version": "6.2.3",
      "license": "MIT",
      "engines": {
        "node": ">=12"
      },
      "funding": {
        "url": "https://github.com/chalk/ansi-styles?sponsor=1"
      }
    },
    "node_modules/balanced-match": {
      "version": "1.0.2",
      "license": "MIT"
    },
    "node_modules/base64-js": {
      "version": "1.5.1",
      "funding": [
        {
          "type": "github",
          "url": "https://github.com/sponsors/feross"
        },
        {
          "type": "patreon",
          "url": "https://www.patreon.com/feross"
        },
        {
          "type": "consulting",
          "url": "https://feross.org/support"
        }
      ],
      "license": "MIT"
    },
    "node_modules/baseline-browser-mapping": {
      "version": "2.8.29",
      "dev": true,
      "license": "Apache-2.0",
      "bin": {
        "baseline-browser-mapping": "dist/cli.js"
      }
    },
    "node_modules/bignumber.js": {
      "version": "9.3.1",
      "license": "MIT",
      "engines": {
        "node": "*"
      }
    },
    "node_modules/brace-expansion": {
      "version": "2.0.2",
      "license": "MIT",
      "dependencies": {
        "balanced-match": "^1.0.0"
      }
    },
    "node_modules/browserslist": {
      "version": "4.28.0",
      "dev": true,
      "funding": [
        {
          "type": "opencollective",
          "url": "https://opencollective.com/browserslist"
        },
        {
          "type": "tidelift",
          "url": "https://tidelift.com/funding/github/npm/browserslist"
        },
        {
          "type": "github",
          "url": "https://github.com/sponsors/ai"
        }
      ],
      "license": "MIT",
      "dependencies": {
        "baseline-browser-mapping": "^2.8.25",
        "caniuse-lite": "^1.0.30001754",
        "electron-to-chromium": "^1.5.249",
        "node-releases": "^2.0.27",
        "update-browserslist-db": "^1.1.4"
      },
      "bin": {
        "browserslist": "cli.js"
      },
      "engines": {
        "node": "^6 || ^7 || ^8 || ^9 || ^10 || ^11 || ^12 || >=13.7"
      }
    },
    "node_modules/buffer-equal-constant-time": {
      "version": "1.0.1",
      "license": "BSD-3-Clause"
    },
    "node_modules/caniuse-lite": {
      "version": "1.0.30001756",
      "dev": true,
      "funding": [
        {
          "type": "opencollective",
          "url": "https://opencollective.com/browserslist"
        },
        {
          "type": "tidelift",
          "url": "https://tidelift.com/funding/github/npm/caniuse-lite"
        },
        {
          "type": "github",
          "url": "https://github.com/sponsors/ai"
        }
      ],
      "license": "CC-BY-4.0"
    },
    "node_modules/cliui": {
      "version": "8.0.1",
      "resolved": "https://registry.npmjs.org/cliui/-/cliui-8.0.1.tgz",
      "integrity": "sha512-BSeNnyus75C4//NQ9gQt1/csTXyo/8Sb+afLAkzAptFuMsod9HFokGNudZpi/oQV73hnVK+sR+5PVRMd+Dr7YQ==",
      "license": "ISC",
      "dependencies": {
        "string-width": "^4.2.0",
        "strip-ansi": "^6.0.1",
        "wrap-ansi": "^7.0.0"
      },
      "engines": {
        "node": ">=12"
      }
    },
    "node_modules/cliui/node_modules/ansi-regex": {
      "version": "5.0.1",
      "resolved": "https://registry.npmjs.org/ansi-regex/-/ansi-regex-5.0.1.tgz",
      "integrity": "sha512-quJQXlTSUGL2LH9SUXo8VwsY4soanhgo6LNSm84E1LBcE8s3O0wpdiRzyR9z/ZZJMlMWv37qOOb9pdJlMUEKFQ==",
      "license": "MIT",
      "engines": {
        "node": ">=8"
      }
    },
    "node_modules/cliui/node_modules/ansi-styles": {
      "version": "4.3.0",
      "resolved": "https://registry.npmjs.org/ansi-styles/-/ansi-styles-4.3.0.tgz",
      "integrity": "sha512-zbB9rCJAT1rbjiVDb2hqKFHNYLxgtk8NURxZ3IZwD3F6NtxbXZQCnnSi1Lkx+IDohdPlFp222wVALIheZJQSEg==",
      "license": "MIT",
      "dependencies": {
        "color-convert": "^2.0.1"
      },
      "engines": {
        "node": ">=8"
      },
      "funding": {
        "url": "https://github.com/chalk/ansi-styles?sponsor=1"
      }
    },
    "node_modules/cliui/node_modules/emoji-regex": {
      "version": "8.0.0",
      "resolved": "https://registry.npmjs.org/emoji-regex/-/emoji-regex-8.0.0.tgz",
      "integrity": "sha512-MSjYzcWNOA0ewAHpz0MxpYFvwg6yjy1NG3xteoqz644VCo/RPgnr1/GGt+ic3iJTzQ8Eu3TdM14SawnVUmGE6A==",
      "license": "MIT"
    },
    "node_modules/cliui/node_modules/string-width": {
      "version": "4.2.3",
      "resolved": "https://registry.npmjs.org/string-width/-/string-width-4.2.3.tgz",
      "integrity": "sha512-wKyQRQpjJ0sIp62ErSZdGsjMJWsap5oRNihHhu6G7JVO/9jIB6UyevL+tXuOqrng8j/cxKTWyWUwvSTriiZz/g==",
      "license": "MIT",
      "dependencies": {
        "emoji-regex": "^8.0.0",
        "is-fullwidth-code-point": "^3.0.0",
        "strip-ansi": "^6.0.1"
      },
      "engines": {
        "node": ">=8"
      }
    },
    "node_modules/cliui/node_modules/strip-ansi": {
      "version": "6.0.1",
      "resolved": "https://registry.npmjs.org/strip-ansi/-/strip-ansi-6.0.1.tgz",
      "integrity": "sha512-Y38VPSHcqkFrCpFnQ9vuSXmquuv5oXOKpGeT6aGrr3o3Gc9AlVa6JBfUSOCnbxGGZF+/0ooI7KrPuUSztUdU5A==",
      "license": "MIT",
      "dependencies": {
        "ansi-regex": "^5.0.1"
      },
      "engines": {
        "node": ">=8"
      }
    },
    "node_modules/cliui/node_modules/wrap-ansi": {
      "version": "7.0.0",
      "resolved": "https://registry.npmjs.org/wrap-ansi/-/wrap-ansi-7.0.0.tgz",
      "integrity": "sha512-YVGIj2kamLSTxw6NsZjoBxfSwsn0ycdesmc4p+Q21c5zPuZ1pl+NfxVdxPtdHvmNVOQ6XSYG4AUtyt/Fi7D16Q==",
      "license": "MIT",
      "dependencies": {
        "ansi-styles": "^4.0.0",
        "string-width": "^4.1.0",
        "strip-ansi": "^6.0.0"
      },
      "engines": {
        "node": ">=10"
      },
      "funding": {
        "url": "https://github.com/chalk/wrap-ansi?sponsor=1"
      }
    },
    "node_modules/color-convert": {
      "version": "2.0.1",
      "license": "MIT",
      "dependencies": {
        "color-name": "~1.1.4"
      },
      "engines": {
        "node": ">=7.0.0"
      }
    },
    "node_modules/color-name": {
      "version": "1.1.4",
      "license": "MIT"
    },
    "node_modules/convert-source-map": {
      "version": "2.0.0",
      "dev": true,
      "license": "MIT"
    },
    "node_modules/cross-spawn": {
      "version": "7.0.6",
      "license": "MIT",
      "dependencies": {
        "path-key": "^3.1.0",
        "shebang-command": "^2.0.0",
        "which": "^2.0.1"
      },
      "engines": {
        "node": ">= 8"
      }
    },
    "node_modules/data-uri-to-buffer": {
      "version": "4.0.1",
      "license": "MIT",
      "engines": {
        "node": ">= 12"
      }
    },
    "node_modules/debug": {
      "version": "4.4.3",
      "license": "MIT",
      "dependencies": {
        "ms": "^2.1.3"
      },
      "engines": {
        "node": ">=6.0"
      },
      "peerDependenciesMeta": {
        "supports-color": {
          "optional": true
        }
      }
    },
    "node_modules/eastasianwidth": {
      "version": "0.2.0",
      "license": "MIT"
    },
    "node_modules/ecdsa-sig-formatter": {
      "version": "1.0.11",
      "license": "Apache-2.0",
      "dependencies": {
        "safe-buffer": "^5.0.1"
      }
    },
    "node_modules/electron-to-chromium": {
      "version": "1.5.256",
      "dev": true,
      "license": "ISC"
    },
    "node_modules/emoji-regex": {
      "version": "9.2.2",
      "license": "MIT"
    },
    "node_modules/esbuild": {
      "version": "0.25.12",
      "dev": true,
      "hasInstallScript": true,
      "license": "MIT",
      "bin": {
        "esbuild": "bin/esbuild"
      },
      "engines": {
        "node": ">=18"
      },
      "optionalDependencies": {
        "@esbuild/aix-ppc64": "0.25.12",
        "@esbuild/android-arm": "0.25.12",
        "@esbuild/android-arm64": "0.25.12",
        "@esbuild/android-x64": "0.25.12",
        "@esbuild/darwin-arm64": "0.25.12",
        "@esbuild/darwin-x64": "0.25.12",
        "@esbuild/freebsd-arm64": "0.25.12",
        "@esbuild/freebsd-x64": "0.25.12",
        "@esbuild/linux-arm": "0.25.12",
        "@esbuild/linux-arm64": "0.25.12",
        "@esbuild/linux-ia32": "0.25.12",
        "@esbuild/linux-loong64": "0.25.12",
        "@esbuild/linux-mips64el": "0.25.12",
        "@esbuild/linux-ppc64": "0.25.12",
        "@esbuild/linux-riscv64": "0.25.12",
        "@esbuild/linux-s390x": "0.25.12",
        "@esbuild/linux-x64": "0.25.12",
        "@esbuild/netbsd-arm64": "0.25.12",
        "@esbuild/netbsd-x64": "0.25.12",
        "@esbuild/openbsd-arm64": "0.25.12",
        "@esbuild/openbsd-x64": "0.25.12",
        "@esbuild/openharmony-arm64": "0.25.12",
        "@esbuild/sunos-x64": "0.25.12",
        "@esbuild/win32-arm64": "0.25.12",
        "@esbuild/win32-ia32": "0.25.12",
        "@esbuild/win32-x64": "0.25.12"
      }
    },
    "node_modules/escalade": {
      "version": "3.2.0",
      "license": "MIT",
      "engines": {
        "node": ">=6"
      }
    },
    "node_modules/extend": {
      "version": "3.0.2",
      "license": "MIT"
    },
    "node_modules/faye-websocket": {
      "version": "0.11.4",
      "resolved": "https://registry.npmjs.org/faye-websocket/-/faye-websocket-0.11.4.tgz",
      "integrity": "sha512-CzbClwlXAuiRQAlUyfqPgvPoNKTckTPGfwZV4ZdAhVcP2lh9KUxJg2b5GkE7XbjKQ3YJnQ9z6D9ntLAlB+tP8g==",
      "license": "Apache-2.0",
      "dependencies": {
        "websocket-driver": ">=0.5.1"
      },
      "engines": {
        "node": ">=0.8.0"
      }
    },
    "node_modules/fdir": {
      "version": "6.5.0",
      "dev": true,
      "license": "MIT",
      "engines": {
        "node": ">=12.0.0"
      },
      "peerDependencies": {
        "picomatch": "^3 || ^4"
      },
      "peerDependenciesMeta": {
        "picomatch": {
          "optional": true
        }
      }
    },
    "node_modules/fetch-blob": {
      "version": "3.2.0",
      "funding": [
        {
          "type": "github",
          "url": "https://github.com/sponsors/jimmywarting"
        },
        {
          "type": "paypal",
          "url": "https://paypal.me/jimmywarting"
        }
      ],
      "license": "MIT",
      "dependencies": {
        "node-domexception": "^1.0.0",
        "web-streams-polyfill": "^3.0.3"
      },
      "engines": {
        "node": "^12.20 || >= 14.13"
      }
    },
    "node_modules/firebase": {
      "version": "12.6.0",
      "resolved": "https://registry.npmjs.org/firebase/-/firebase-12.6.0.tgz",
      "integrity": "sha512-8ZD1Gcv916Qp8/nsFH2+QMIrfX/76ti6cJwxQUENLXXnKlOX/IJZaU2Y3bdYf5r1mbownrQKfnWtrt+MVgdwLA==",
      "license": "Apache-2.0",
      "dependencies": {
        "@firebase/ai": "2.6.0",
        "@firebase/analytics": "0.10.19",
        "@firebase/analytics-compat": "0.2.25",
        "@firebase/app": "0.14.6",
        "@firebase/app-check": "0.11.0",
        "@firebase/app-check-compat": "0.4.0",
        "@firebase/app-compat": "0.5.6",
        "@firebase/app-types": "0.9.3",
        "@firebase/auth": "1.11.1",
        "@firebase/auth-compat": "0.6.1",
        "@firebase/data-connect": "0.3.12",
        "@firebase/database": "1.1.0",
        "@firebase/database-compat": "2.1.0",
        "@firebase/firestore": "4.9.2",
        "@firebase/firestore-compat": "0.4.2",
        "@firebase/functions": "0.13.1",
        "@firebase/functions-compat": "0.4.1",
        "@firebase/installations": "0.6.19",
        "@firebase/installations-compat": "0.2.19",
        "@firebase/messaging": "0.12.23",
        "@firebase/messaging-compat": "0.2.23",
        "@firebase/performance": "0.7.9",
        "@firebase/performance-compat": "0.2.22",
        "@firebase/remote-config": "0.7.0",
        "@firebase/remote-config-compat": "0.2.20",
        "@firebase/storage": "0.14.0",
        "@firebase/storage-compat": "0.4.0",
        "@firebase/util": "1.13.0"
      }
    },
    "node_modules/foreground-child": {
      "version": "3.3.1",
      "license": "ISC",
      "dependencies": {
        "cross-spawn": "^7.0.6",
        "signal-exit": "^4.0.1"
      },
      "engines": {
        "node": ">=14"
      },
      "funding": {
        "url": "https://github.com/sponsors/isaacs"
      }
    },
    "node_modules/formdata-polyfill": {
      "version": "4.0.10",
      "license": "MIT",
      "dependencies": {
        "fetch-blob": "^3.1.2"
      },
      "engines": {
        "node": ">=12.20.0"
      }
    },
    "node_modules/gaxios": {
      "version": "7.1.3",
      "license": "Apache-2.0",
      "dependencies": {
        "extend": "^3.0.2",
        "https-proxy-agent": "^7.0.1",
        "node-fetch": "^3.3.2",
        "rimraf": "^5.0.1"
      },
      "engines": {
        "node": ">=18"
      }
    },
    "node_modules/gcp-metadata": {
      "version": "8.1.2",
      "license": "Apache-2.0",
      "dependencies": {
        "gaxios": "^7.0.0",
        "google-logging-utils": "^1.0.0",
        "json-bigint": "^1.0.0"
      },
      "engines": {
        "node": ">=18"
      }
    },
    "node_modules/gensync": {
      "version": "1.0.0-beta.2",
      "dev": true,
      "license": "MIT",
      "engines": {
        "node": ">=6.9.0"
      }
    },
    "node_modules/get-caller-file": {
      "version": "2.0.5",
      "resolved": "https://registry.npmjs.org/get-caller-file/-/get-caller-file-2.0.5.tgz",
      "integrity": "sha512-DyFP3BM/3YHTQOCUL/w0OZHR0lpKeGrxotcHWcqNEdnltqFwXVfhEBQ94eIo34AfQpo0rGki4cyIiftY06h2Fg==",
      "license": "ISC",
      "engines": {
        "node": "6.* || 8.* || >= 10.*"
      }
    },
    "node_modules/glob": {
      "version": "10.5.0",
      "license": "ISC",
      "dependencies": {
        "foreground-child": "^3.1.0",
        "jackspeak": "^3.1.2",
        "minimatch": "^9.0.4",
        "minipass": "^7.1.2",
        "package-json-from-dist": "^1.0.0",
        "path-scurry": "^1.11.1"
      },
      "bin": {
        "glob": "dist/esm/bin.mjs"
      },
      "funding": {
        "url": "https://github.com/sponsors/isaacs"
      }
    },
    "node_modules/google-auth-library": {
      "version": "10.5.0",
      "license": "Apache-2.0",
      "dependencies": {
        "base64-js": "^1.3.0",
        "ecdsa-sig-formatter": "^1.0.11",
        "gaxios": "^7.0.0",
        "gcp-metadata": "^8.0.0",
        "google-logging-utils": "^1.0.0",
        "gtoken": "^8.0.0",
        "jws": "^4.0.0"
      },
      "engines": {
        "node": ">=18"
      }
    },
    "node_modules/google-logging-utils": {
      "version": "1.1.3",
      "license": "Apache-2.0",
      "engines": {
        "node": ">=14"
      }
    },
    "node_modules/gtoken": {
      "version": "8.0.0",
      "license": "MIT",
      "dependencies": {
        "gaxios": "^7.0.0",
        "jws": "^4.0.0"
      },
      "engines": {
        "node": ">=18"
      }
    },
    "node_modules/http-parser-js": {
      "version": "0.5.10",
      "resolved": "https://registry.npmjs.org/http-parser-js/-/http-parser-js-0.5.10.tgz",
      "integrity": "sha512-Pysuw9XpUq5dVc/2SMHpuTY01RFl8fttgcyunjL7eEMhGM3cI4eOmiCycJDVCo/7O7ClfQD3SaI6ftDzqOXYMA==",
      "license": "MIT"
    },
    "node_modules/https-proxy-agent": {
      "version": "7.0.6",
      "license": "MIT",
      "dependencies": {
        "agent-base": "^7.1.2",
        "debug": "4"
      },
      "engines": {
        "node": ">= 14"
      }
    },
    "node_modules/idb": {
      "version": "7.1.1",
      "resolved": "https://registry.npmjs.org/idb/-/idb-7.1.1.tgz",
      "integrity": "sha512-gchesWBzyvGHRO9W8tzUWFDycow5gwjvFKfyV9FF32Y7F50yZMp7mP+T2mJIWFx49zicqyC4uefHM17o6xKIVQ==",
      "license": "ISC"
    },
    "node_modules/is-fullwidth-code-point": {
      "version": "3.0.0",
      "license": "MIT",
      "engines": {
        "node": ">=8"
      }
    },
    "node_modules/isexe": {
      "version": "2.0.0",
      "license": "ISC"
    },
    "node_modules/jackspeak": {
      "version": "3.4.3",
      "license": "BlueOak-1.0.0",
      "dependencies": {
        "@isaacs/cliui": "^8.0.2"
      },
      "funding": {
        "url": "https://github.com/sponsors/isaacs"
      },
      "optionalDependencies": {
        "@pkgjs/parseargs": "^0.11.0"
      }
    },
    "node_modules/js-tokens": {
      "version": "4.0.0",
      "dev": true,
      "license": "MIT"
    },
    "node_modules/jsesc": {
      "version": "3.1.0",
      "dev": true,
      "license": "MIT",
      "bin": {
        "jsesc": "bin/jsesc"
      },
      "engines": {
        "node": ">=6"
      }
    },
    "node_modules/json-bigint": {
      "version": "1.0.0",
      "license": "MIT",
      "dependencies": {
        "bignumber.js": "^9.0.0"
      }
    },
    "node_modules/json5": {
      "version": "2.2.3",
      "dev": true,
      "license": "MIT",
      "bin": {
        "json5": "lib/cli.js"
      },
      "engines": {
        "node": ">=6"
      }
    },
    "node_modules/jwa": {
      "version": "2.0.1",
      "license": "MIT",
      "dependencies": {
        "buffer-equal-constant-time": "^1.0.1",
        "ecdsa-sig-formatter": "1.0.11",
        "safe-buffer": "^5.0.1"
      }
    },
    "node_modules/jws": {
      "version": "4.0.0",
      "license": "MIT",
      "dependencies": {
        "jwa": "^2.0.0",
        "safe-buffer": "^5.0.1"
      }
    },
    "node_modules/lodash.camelcase": {
      "version": "4.3.0",
      "resolved": "https://registry.npmjs.org/lodash.camelcase/-/lodash.camelcase-4.3.0.tgz",
      "integrity": "sha512-TwuEnCnxbc3rAvhf/LbG7tJUDzhqXyFnv3dtzLOPgCG/hODL7WFnsbwktkD7yUV0RrreP/l1PALq/YSg6VvjlA==",
      "license": "MIT"
    },
    "node_modules/long": {
      "version": "5.3.2",
      "resolved": "https://registry.npmjs.org/long/-/long-5.3.2.tgz",
      "integrity": "sha512-mNAgZ1GmyNhD7AuqnTG3/VQ26o760+ZYBPKjPvugO8+nLbYfX6TVpJPseBvopbdY+qpZ/lKUnmEc1LeZYS3QAA==",
      "license": "Apache-2.0"
    },
    "node_modules/lru-cache": {
      "version": "5.1.1",
      "dev": true,
      "license": "ISC",
      "dependencies": {
        "yallist": "^3.0.2"
      }
    },
    "node_modules/lucide-react": {
      "version": "0.554.0",
      "license": "ISC",
      "peerDependencies": {
        "react": "^16.5.1 || ^17.0.0 || ^18.0.0 || ^19.0.0"
      }
    },
    "node_modules/minimatch": {
      "version": "9.0.5",
      "license": "ISC",
      "dependencies": {
        "brace-expansion": "^2.0.1"
      },
      "engines": {
        "node": ">=16 || 14 >=14.17"
      },
      "funding": {
        "url": "https://github.com/sponsors/isaacs"
      }
    },
    "node_modules/minipass": {
      "version": "7.1.2",
      "license": "ISC",
      "engines": {
        "node": ">=16 || 14 >=14.17"
      }
    },
    "node_modules/ms": {
      "version": "2.1.3",
      "license": "MIT"
    },
    "node_modules/nanoid": {
      "version": "3.3.11",
      "dev": true,
      "funding": [
        {
          "type": "github",
          "url": "https://github.com/sponsors/ai"
        }
      ],
      "license": "MIT",
      "bin": {
        "nanoid": "bin/nanoid.cjs"
      },
      "engines": {
        "node": "^10 || ^12 || ^13.7 || ^14 || >=15.0.1"
      }
    },
    "node_modules/node-domexception": {
      "version": "1.0.0",
      "funding": [
        {
          "type": "github",
          "url": "https://github.com/sponsors/jimmywarting"
        },
        {
          "type": "github",
          "url": "https://paypal.me/jimmywarting"
        }
      ],
      "license": "MIT",
      "engines": {
        "node": ">=10.5.0"
      }
    },
    "node_modules/node-fetch": {
      "version": "3.3.2",
      "license": "MIT",
      "dependencies": {
        "data-uri-to-buffer": "^4.0.0",
        "fetch-blob": "^3.1.4",
        "formdata-polyfill": "^4.0.10"
      },
      "engines": {
        "node": "^12.20.0 || ^14.13.1 || >=16.0.0"
      },
      "funding": {
        "type": "opencollective",
        "url": "https://opencollective.com/node-fetch"
      }
    },
    "node_modules/node-releases": {
      "version": "2.0.27",
      "dev": true,
      "license": "MIT"
    },
    "node_modules/package-json-from-dist": {
      "version": "1.0.1",
      "license": "BlueOak-1.0.0"
    },
    "node_modules/path-key": {
      "version": "3.1.1",
      "license": "MIT",
      "engines": {
        "node": ">=8"
      }
    },
    "node_modules/path-scurry": {
      "version": "1.11.1",
      "license": "BlueOak-1.0.0",
      "dependencies": {
        "lru-cache": "^10.2.0",
        "minipass": "^5.0.0 || ^6.0.2 || ^7.0.0"
      },
      "engines": {
        "node": ">=16 || 14 >=14.18"
      },
      "funding": {
        "url": "https://github.com/sponsors/isaacs"
      }
    },
    "node_modules/path-scurry/node_modules/lru-cache": {
      "version": "10.4.3",
      "license": "ISC"
    },
    "node_modules/picocolors": {
      "version": "1.1.1",
      "dev": true,
      "license": "ISC"
    },
    "node_modules/picomatch": {
      "version": "4.0.3",
      "dev": true,
      "license": "MIT",
      "engines": {
        "node": ">=12"
      },
      "funding": {
        "url": "https://github.com/sponsors/jonschlinkert"
      }
    },
    "node_modules/postcss": {
      "version": "8.5.6",
      "dev": true,
      "funding": [
        {
          "type": "opencollective",
          "url": "https://opencollective.com/postcss/"
        },
        {
          "type": "tidelift",
          "url": "https://tidelift.com/funding/github/npm/postcss"
        },
        {
          "type": "github",
          "url": "https://github.com/sponsors/ai"
        }
      ],
      "license": "MIT",
      "dependencies": {
        "nanoid": "^3.3.11",
        "picocolors": "^1.1.1",
        "source-map-js": "^1.2.1"
      },
      "engines": {
        "node": "^10 || ^12 || >=14"
      }
    },
    "node_modules/protobufjs": {
      "version": "7.5.4",
      "resolved": "https://registry.npmjs.org/protobufjs/-/protobufjs-7.5.4.tgz",
      "integrity": "sha512-CvexbZtbov6jW2eXAvLukXjXUW1TzFaivC46BpWc/3BpcCysb5Vffu+B3XHMm8lVEuy2Mm4XGex8hBSg1yapPg==",
      "hasInstallScript": true,
      "license": "BSD-3-Clause",
      "dependencies": {
        "@protobufjs/aspromise": "^1.1.2",
        "@protobufjs/base64": "^1.1.2",
        "@protobufjs/codegen": "^2.0.4",
        "@protobufjs/eventemitter": "^1.1.0",
        "@protobufjs/fetch": "^1.1.0",
        "@protobufjs/float": "^1.0.2",
        "@protobufjs/inquire": "^1.1.0",
        "@protobufjs/path": "^1.1.2",
        "@protobufjs/pool": "^1.1.0",
        "@protobufjs/utf8": "^1.1.0",
        "@types/node": ">=13.7.0",
        "long": "^5.0.0"
      },
      "engines": {
        "node": ">=12.0.0"
      }
    },
    "node_modules/react": {
      "version": "19.2.0",
      "license": "MIT",
      "engines": {
        "node": ">=0.10.0"
      }
    },
    "node_modules/react-dom": {
      "version": "19.2.0",
      "license": "MIT",
      "dependencies": {
        "scheduler": "^0.27.0"
      },
      "peerDependencies": {
        "react": "^19.2.0"
      }
    },
    "node_modules/react-refresh": {
      "version": "0.18.0",
      "dev": true,
      "license": "MIT",
      "engines": {
        "node": ">=0.10.0"
      }
    },
    "node_modules/require-directory": {
      "version": "2.1.1",
      "resolved": "https://registry.npmjs.org/require-directory/-/require-directory-2.1.1.tgz",
      "integrity": "sha512-fGxEI7+wsG9xrvdjsrlmL22OMTTiHRwAMroiEeMgq8gzoLC/PQr7RsRDSTLUg/bZAZtF+TVIkHc6/4RIKrui+Q==",
      "license": "MIT",
      "engines": {
        "node": ">=0.10.0"
      }
    },
    "node_modules/rimraf": {
      "version": "5.0.10",
      "license": "ISC",
      "dependencies": {
        "glob": "^10.3.7"
      },
      "bin": {
        "rimraf": "dist/esm/bin.mjs"
      },
      "funding": {
        "url": "https://github.com/sponsors/isaacs"
      }
    },
    "node_modules/rollup": {
      "version": "4.53.3",
      "dev": true,
      "license": "MIT",
      "dependencies": {
        "@types/estree": "1.0.8"
      },
      "bin": {
        "rollup": "dist/bin/rollup"
      },
      "engines": {
        "node": ">=18.0.0",
        "npm": ">=8.0.0"
      },
      "optionalDependencies": {
        "@rollup/rollup-android-arm-eabi": "4.53.3",
        "@rollup/rollup-android-arm64": "4.53.3",
        "@rollup/rollup-darwin-arm64": "4.53.3",
        "@rollup/rollup-darwin-x64": "4.53.3",
        "@rollup/rollup-freebsd-arm64": "4.53.3",
        "@rollup/rollup-freebsd-x64": "4.53.3",
        "@rollup/rollup-linux-arm-gnueabihf": "4.53.3",
        "@rollup/rollup-linux-arm-musleabihf": "4.53.3",
        "@rollup/rollup-linux-arm64-gnu": "4.53.3",
        "@rollup/rollup-linux-arm64-musl": "4.53.3",
        "@rollup/rollup-linux-loong64-gnu": "4.53.3",
        "@rollup/rollup-linux-ppc64-gnu": "4.53.3",
        "@rollup/rollup-linux-riscv64-gnu": "4.53.3",
        "@rollup/rollup-linux-riscv64-musl": "4.53.3",
        "@rollup/rollup-linux-s390x-gnu": "4.53.3",
        "@rollup/rollup-linux-x64-gnu": "4.53.3",
        "@rollup/rollup-linux-x64-musl": "4.53.3",
        "@rollup/rollup-openharmony-arm64": "4.53.3",
        "@rollup/rollup-win32-arm64-msvc": "4.53.3",
        "@rollup/rollup-win32-ia32-msvc": "4.53.3",
        "@rollup/rollup-win32-x64-gnu": "4.53.3",
        "@rollup/rollup-win32-x64-msvc": "4.53.3",
        "fsevents": "~2.3.2"
      }
    },
    "node_modules/safe-buffer": {
      "version": "5.2.1",
      "funding": [
        {
          "type": "github",
          "url": "https://github.com/sponsors/feross"
        },
        {
          "type": "patreon",
          "url": "https://www.patreon.com/feross"
        },
        {
          "type": "consulting",
          "url": "https://feross.org/support"
        }
      ],
      "license": "MIT"
    },
    "node_modules/scheduler": {
      "version": "0.27.0",
      "license": "MIT"
    },
    "node_modules/semver": {
      "version": "6.3.1",
      "dev": true,
      "license": "ISC",
      "bin": {
        "semver": "bin/semver.js"
      }
    },
    "node_modules/shebang-command": {
      "version": "2.0.0",
      "license": "MIT",
      "dependencies": {
        "shebang-regex": "^3.0.0"
      },
      "engines": {
        "node": ">=8"
      }
    },
    "node_modules/shebang-regex": {
      "version": "3.0.0",
      "license": "MIT",
      "engines": {
        "node": ">=8"
      }
    },
    "node_modules/signal-exit": {
      "version": "4.1.0",
      "license": "ISC",
      "engines": {
        "node": ">=14"
      },
      "funding": {
        "url": "https://github.com/sponsors/isaacs"
      }
    },
    "node_modules/source-map-js": {
      "version": "1.2.1",
      "dev": true,
      "license": "BSD-3-Clause",
      "engines": {
        "node": ">=0.10.0"
      }
    },
    "node_modules/string-width": {
      "version": "5.1.2",
      "license": "MIT",
      "dependencies": {
        "eastasianwidth": "^0.2.0",
        "emoji-regex": "^9.2.2",
        "strip-ansi": "^7.0.1"
      },
      "engines": {
        "node": ">=12"
      },
      "funding": {
        "url": "https://github.com/sponsors/sindresorhus"
      }
    },
    "node_modules/string-width-cjs": {
      "name": "string-width",
      "version": "4.2.3",
      "license": "MIT",
      "dependencies": {
        "emoji-regex": "^8.0.0",
        "is-fullwidth-code-point": "^3.0.0",
        "strip-ansi": "^6.0.1"
      },
      "engines": {
        "node": ">=8"
      }
    },
    "node_modules/string-width-cjs/node_modules/ansi-regex": {
      "version": "5.0.1",
      "license": "MIT",
      "engines": {
        "node": ">=8"
      }
    },
    "node_modules/string-width-cjs/node_modules/emoji-regex": {
      "version": "8.0.0",
      "license": "MIT"
    },
    "node_modules/string-width-cjs/node_modules/strip-ansi": {
      "version": "6.0.1",
      "license": "MIT",
      "dependencies": {
        "ansi-regex": "^5.0.1"
      },
      "engines": {
        "node": ">=8"
      }
    },
    "node_modules/strip-ansi": {
      "version": "7.1.2",
      "license": "MIT",
      "dependencies": {
        "ansi-regex": "^6.0.1"
      },
      "engines": {
        "node": ">=12"
      },
      "funding": {
        "url": "https://github.com/chalk/strip-ansi?sponsor=1"
      }
    },
    "node_modules/strip-ansi-cjs": {
      "name": "strip-ansi",
      "version": "6.0.1",
      "license": "MIT",
      "dependencies": {
        "ansi-regex": "^5.0.1"
      },
      "engines": {
        "node": ">=8"
      }
    },
    "node_modules/strip-ansi-cjs/node_modules/ansi-regex": {
      "version": "5.0.1",
      "license": "MIT",
      "engines": {
        "node": ">=8"
      }
    },
    "node_modules/tinyglobby": {
      "version": "0.2.15",
      "dev": true,
      "license": "MIT",
      "dependencies": {
        "fdir": "^6.5.0",
        "picomatch": "^4.0.3"
      },
      "engines": {
        "node": ">=12.0.0"
      },
      "funding": {
        "url": "https://github.com/sponsors/SuperchupuDev"
      }
    },
    "node_modules/tslib": {
      "version": "2.8.1",
      "resolved": "https://registry.npmjs.org/tslib/-/tslib-2.8.1.tgz",
      "integrity": "sha512-oJFu94HQb+KVduSUQL7wnpmqnfmLsOA/nAh6b6EH0wCEoK0/mPeXU6c3wKDV83MkOuHPRHtSXKKU99IBazS/2w==",
      "license": "0BSD"
    },
    "node_modules/typescript": {
      "version": "5.8.3",
      "dev": true,
      "license": "Apache-2.0",
      "bin": {
        "tsc": "bin/tsc",
        "tsserver": "bin/tsserver"
      },
      "engines": {
        "node": ">=14.17"
      }
    },
    "node_modules/undici-types": {
      "version": "6.21.0",
      "license": "MIT"
    },
    "node_modules/update-browserslist-db": {
      "version": "1.1.4",
      "dev": true,
      "funding": [
        {
          "type": "opencollective",
          "url": "https://opencollective.com/browserslist"
        },
        {
          "type": "tidelift",
          "url": "https://tidelift.com/funding/github/npm/browserslist"
        },
        {
          "type": "github",
          "url": "https://github.com/sponsors/ai"
        }
      ],
      "license": "MIT",
      "dependencies": {
        "escalade": "^3.2.0",
        "picocolors": "^1.1.1"
      },
      "bin": {
        "update-browserslist-db": "cli.js"
      },
      "peerDependencies": {
        "browserslist": ">= 4.21.0"
      }
    },
    "node_modules/vite": {
      "version": "6.4.1",
      "dev": true,
      "license": "MIT",
      "dependencies": {
        "esbuild": "^0.25.0",
        "fdir": "^6.4.4",
        "picomatch": "^4.0.2",
        "postcss": "^8.5.3",
        "rollup": "^4.34.9",
        "tinyglobby": "^0.2.13"
      },
      "bin": {
        "vite": "bin/vite.js"
      },
      "engines": {
        "node": "^18.0.0 || ^20.0.0 || >=22.0.0"
      },
      "funding": {
        "url": "https://github.com/vitejs/vite?sponsor=1"
      },
      "optionalDependencies": {
        "fsevents": "~2.3.3"
      },
      "peerDependencies": {
        "@types/node": "^18.0.0 || ^20.0.0 || >=22.0.0",
        "jiti": ">=1.21.0",
        "less": "*",
        "lightningcss": "^1.21.0",
        "sass": "*",
        "sass-embedded": "*",
        "stylus": "*",
        "sugarss": "*",
        "terser": "^5.16.0",
        "tsx": "^4.8.1",
        "yaml": "^2.4.2"
      },
      "peerDependenciesMeta": {
        "@types/node": {
          "optional": true
        },
        "jiti": {
          "optional": true
        },
        "less": {
          "optional": true
        },
        "lightningcss": {
          "optional": true
        },
        "sass": {
          "optional": true
        },
        "sass-embedded": {
          "optional": true
        },
        "stylus": {
          "optional": true
        },
        "sugarss": {
          "optional": true
        },
        "terser": {
          "optional": true
        },
        "tsx": {
          "optional": true
        },
        "yaml": {
          "optional": true
        }
      }
    },
    "node_modules/web-streams-polyfill": {
      "version": "3.3.3",
      "license": "MIT",
      "engines": {
        "node": ">= 8"
      }
    },
    "node_modules/web-vitals": {
      "version": "4.2.4",
      "resolved": "https://registry.npmjs.org/web-vitals/-/web-vitals-4.2.4.tgz",
      "integrity": "sha512-r4DIlprAGwJ7YM11VZp4R884m0Vmgr6EAKe3P+kO0PPj3Unqyvv59rczf6UiGcb9Z8QxZVcqKNwv/g0WNdWwsw==",
      "license": "Apache-2.0"
    },
    "node_modules/websocket-driver": {
      "version": "0.7.4",
      "resolved": "https://registry.npmjs.org/websocket-driver/-/websocket-driver-0.7.4.tgz",
      "integrity": "sha512-b17KeDIQVjvb0ssuSDF2cYXSg2iztliJ4B9WdsuB6J952qCPKmnVq4DyW5motImXHDC1cBT/1UezrJVsKw5zjg==",
      "license": "Apache-2.0",
      "dependencies": {
        "http-parser-js": ">=0.5.1",
        "safe-buffer": ">=5.1.0",
        "websocket-extensions": ">=0.1.1"
      },
      "engines": {
        "node": ">=0.8.0"
      }
    },
    "node_modules/websocket-extensions": {
      "version": "0.1.4",
      "resolved": "https://registry.npmjs.org/websocket-extensions/-/websocket-extensions-0.1.4.tgz",
      "integrity": "sha512-OqedPIGOfsDlo31UNwYbCFMSaO9m9G/0faIHj5/dZFDMFqPTcx6UwqyOy3COEaEOg/9VsGIpdqn62W5KhoKSpg==",
      "license": "Apache-2.0",
      "engines": {
        "node": ">=0.8.0"
      }
    },
    "node_modules/which": {
      "version": "2.0.2",
      "license": "ISC",
      "dependencies": {
        "isexe": "^2.0.0"
      },
      "bin": {
        "node-which": "bin/node-which"
      },
      "engines": {
        "node": ">= 8"
      }
    },
    "node_modules/wrap-ansi": {
      "version": "8.1.0",
      "license": "MIT",
      "dependencies": {
        "ansi-styles": "^6.1.0",
        "string-width": "^5.0.1",
        "strip-ansi": "^7.0.1"
      },
      "engines": {
        "node": ">=12"
      },
      "funding": {
        "url": "https://github.com/chalk/wrap-ansi?sponsor=1"
      }
    },
    "node_modules/wrap-ansi-cjs": {
      "name": "wrap-ansi",
      "version": "7.0.0",
      "license": "MIT",
      "dependencies": {
        "ansi-styles": "^4.0.0",
        "string-width": "^4.1.0",
        "strip-ansi": "^6.0.0"
      },
      "engines": {
        "node": ">=10"
      },
      "funding": {
        "url": "https://github.com/chalk/wrap-ansi?sponsor=1"
      }
    },
    "node_modules/wrap-ansi-cjs/node_modules/ansi-regex": {
      "version": "5.0.1",
      "license": "MIT",
      "engines": {
        "node": ">=8"
      }
    },
    "node_modules/wrap-ansi-cjs/node_modules/ansi-styles": {
      "version": "4.3.0",
      "license": "MIT",
      "dependencies": {
        "color-convert": "^2.0.1"
      },
      "engines": {
        "node": ">=8"
      },
      "funding": {
        "url": "https://github.com/chalk/ansi-styles?sponsor=1"
      }
    },
    "node_modules/wrap-ansi-cjs/node_modules/emoji-regex": {
      "version": "8.0.0",
      "license": "MIT"
    },
    "node_modules/wrap-ansi-cjs/node_modules/string-width": {
      "version": "4.2.3",
      "license": "MIT",
      "dependencies": {
        "emoji-regex": "^8.0.0",
        "is-fullwidth-code-point": "^3.0.0",
        "strip-ansi": "^6.0.1"
      },
      "engines": {
        "node": ">=8"
      }
    },
    "node_modules/wrap-ansi-cjs/node_modules/strip-ansi": {
      "version": "6.0.1",
      "license": "MIT",
      "dependencies": {
        "ansi-regex": "^5.0.1"
      },
      "engines": {
        "node": ">=8"
      }
    },
    "node_modules/ws": {
      "version": "8.18.3",
      "license": "MIT",
      "engines": {
        "node": ">=10.0.0"
      },
      "peerDependencies": {
        "bufferutil": "^4.0.1",
        "utf-8-validate": ">=5.0.2"
      },
      "peerDependenciesMeta": {
        "bufferutil": {
          "optional": true
        },
        "utf-8-validate": {
          "optional": true
        }
      }
    },
    "node_modules/y18n": {
      "version": "5.0.8",
      "resolved": "https://registry.npmjs.org/y18n/-/y18n-5.0.8.tgz",
      "integrity": "sha512-0pfFzegeDWJHJIAmTLRP2DwHjdF5s7jo9tuztdQxAhINCdvS+3nGINqPd00AphqJR/0LhANUS6/+7SCb98YOfA==",
      "license": "ISC",
      "engines": {
        "node": ">=10"
      }
    },
    "node_modules/yallist": {
      "version": "3.1.1",
      "dev": true,
      "license": "ISC"
    },
    "node_modules/yargs": {
      "version": "17.7.2",
      "resolved": "https://registry.npmjs.org/yargs/-/yargs-17.7.2.tgz",
      "integrity": "sha512-7dSzzRQ++CKnNI/krKnYRV7JKKPUXMEh61soaHKg9mrWEhzFWhFnxPxGl+69cD1Ou63C13NUPCnmIcrvqCuM6w==",
      "license": "MIT",
      "dependencies": {
        "cliui": "^8.0.1",
        "escalade": "^3.1.1",
        "get-caller-file": "^2.0.5",
        "require-directory": "^2.1.1",
        "string-width": "^4.2.3",
        "y18n": "^5.0.5",
        "yargs-parser": "^21.1.1"
      },
      "engines": {
        "node": ">=12"
      }
    },
    "node_modules/yargs-parser": {
      "version": "21.1.1",
      "resolved": "https://registry.npmjs.org/yargs-parser/-/yargs-parser-21.1.1.tgz",
      "integrity": "sha512-tVpsJW7DdjecAiFpbIB1e3qxIQsE6NoPc5/eTdrbbIC4h0LVsWhnoa3g+m2HclBIujHzsxZ4VJVA+GUuc2/LBw==",
      "license": "ISC",
      "engines": {
        "node": ">=12"
      }
    },
    "node_modules/yargs/node_modules/ansi-regex": {
      "version": "5.0.1",
      "resolved": "https://registry.npmjs.org/ansi-regex/-/ansi-regex-5.0.1.tgz",
      "integrity": "sha512-quJQXlTSUGL2LH9SUXo8VwsY4soanhgo6LNSm84E1LBcE8s3O0wpdiRzyR9z/ZZJMlMWv37qOOb9pdJlMUEKFQ==",
      "license": "MIT",
      "engines": {
        "node": ">=8"
      }
    },
    "node_modules/yargs/node_modules/emoji-regex": {
      "version": "8.0.0",
      "resolved": "https://registry.npmjs.org/emoji-regex/-/emoji-regex-8.0.0.tgz",
      "integrity": "sha512-MSjYzcWNOA0ewAHpz0MxpYFvwg6yjy1NG3xteoqz644VCo/RPgnr1/GGt+ic3iJTzQ8Eu3TdM14SawnVUmGE6A==",
      "license": "MIT"
    },
    "node_modules/yargs/node_modules/string-width": {
      "version": "4.2.3",
      "resolved": "https://registry.npmjs.org/string-width/-/string-width-4.2.3.tgz",
      "integrity": "sha512-wKyQRQpjJ0sIp62ErSZdGsjMJWsap5oRNihHhu6G7JVO/9jIB6UyevL+tXuOqrng8j/cxKTWyWUwvSTriiZz/g==",
      "license": "MIT",
      "dependencies": {
        "emoji-regex": "^8.0.0",
        "is-fullwidth-code-point": "^3.0.0",
        "strip-ansi": "^6.0.1"
      },
      "engines": {
        "node": ">=8"
      }
    },
    "node_modules/yargs/node_modules/strip-ansi": {
      "version": "6.0.1",
      "resolved": "https://registry.npmjs.org/strip-ansi/-/strip-ansi-6.0.1.tgz",
      "integrity": "sha512-Y38VPSHcqkFrCpFnQ9vuSXmquuv5oXOKpGeT6aGrr3o3Gc9AlVa6JBfUSOCnbxGGZF+/0ooI7KrPuUSztUdU5A==",
      "license": "MIT",
      "dependencies": {
        "ansi-regex": "^5.0.1"
      },
      "engines": {
        "node": ">=8"
      }
    }
  }
}
